Wall time,Step,Value
1737924142.0333672,3024,6.968781471252441
1737926475.266508,6049,7.191812038421631
1737928807.046454,9074,7.004228115081787
1737931134.912242,12099,6.998449802398682
1737933430.6576588,15124,6.861392021179199
1737935724.290634,18149,6.770386219024658
1737938021.1622772,21174,6.719303607940674
1737940312.456844,24199,6.63300895690918
1737942605.99877,27224,6.596972942352295
1737944895.62714,30249,6.570711135864258
