Wall time,Step,Value
1737899686.791199,3024,11.354766845703125
1737902019.120578,6049,6.847097396850586
1737904364.386653,9074,6.357933044433594
1737906700.145427,12099,6.142989158630371
1737909034.366644,15124,6.0492844581604
1737911374.1702132,18149,5.966911792755127
1737913720.543605,21174,5.886020183563232
1737916051.413812,24199,5.810131072998047
1737918370.740279,27224,5.774965286254883
1737920710.712744,30249,5.745245456695557
