Wall time,Step,Value
1737858543.080682,3024,6.818326473236084
1737860840.6579032,6049,6.4612908363342285
1737863133.414161,9074,6.186384677886963
1737865428.8335779,12099,6.040585994720459
1737867721.900626,15124,5.901668548583984
1737870014.549286,18149,5.744038105010986
1737872300.2443788,21174,5.683701038360596
1737874588.148921,24199,5.638036251068115
1737876880.372062,27224,5.5717668533325195
1737879169.178921,30249,5.537858963012695
