Wall time,Step,Value
1737830738.663214,3024,7.250389099121094
1737833035.0336452,6049,6.908514022827148
1737835330.471659,9074,6.685800552368164
1737837627.632687,12099,6.482738971710205
1737839921.244802,15124,6.327767848968506
1737842214.936678,18149,6.258985996246338
1737844509.5307589,21174,6.203989505767822
1737846805.814087,24199,6.134582042694092
1737849097.7653,27224,6.096335411071777
1737851392.428969,30249,6.0759735107421875
